Day,Month
Wednesday,September
Saturday,October
Sunday,October
Sunday,October
Saturday,November
Monday,February
Thursday,September
Thursday,November
Thursday,June
Sunday,February
Sunday,November
Wednesday,October
Wednesday,April
Thursday,April
Saturday,November
Tuesday,October
Saturday,March
Sunday,April
Sunday,September
Thursday,January
Sunday,October
Saturday,January
Friday,April
Sunday,April
Friday,September
Sunday,May
Monday,November
Friday,May
Thursday,March
Friday,October
Tuesday,May
Monday,January
Wednesday,April
Thursday,October
Monday,November
Thursday,October
Sunday,November
Tuesday,June
Tuesday,November
Friday,March
Friday,October
Thursday,December
Friday,October
Friday,May
Wednesday,September
Thursday,January
Thursday,October
Saturday,April
Saturday,September
Wednesday,September
Wednesday,September
Monday,December
Saturday,May
Friday,November
Saturday,January
Thursday,April
Saturday,March
Thursday,February
Saturday,November
Wednesday,December
Wednesday,November
Thursday,March
Tuesday,April
Saturday,June
Saturday,June
Sunday,November
Monday,January
Tuesday,March
Sunday,May
Tuesday,January
Friday,February
Tuesday,February
Tuesday,December
Sunday,February
Wednesday,January
Friday,May
Monday,December
Sunday,May
Monday,March
Saturday,October
Friday,December
Wednesday,June
Thursday,March
Sunday,December
Tuesday,June
Friday,February
Sunday,November
Friday,March
Monday,December
Friday,February
Thursday,November
Wednesday,October
Thursday,November
Tuesday,January
Sunday,October
Tuesday,December
Saturday,October
Sunday,February
Thursday,January
Thursday,March
Monday,October
Wednesday,December
Wednesday,December
Thursday,September
Saturday,October
Wednesday,April
Wednesday,October
Sunday,October
Saturday,May
Saturday,October
Tuesday,September
Thursday,February
Saturday,October
Friday,March
Saturday,September
Wednesday,January
Tuesday,December
Wednesday,January
Thursday,March
Tuesday,September
Saturday,September
Friday,June
Sunday,March
Sunday,October
Thursday,May
Tuesday,December
Wednesday,January
Saturday,January
Thursday,November
Friday,March
Saturday,March
Sunday,April
Wednesday,December
Saturday,October
Monday,March
Friday,May
Monday,December
Tuesday,June
Thursday,April
Tuesday,December
Friday,September
Wednesday,January
Tuesday,December
Thursday,June
Saturday,October
Friday,March
Tuesday,December
Tuesday,November
Saturday,May
Monday,December
Wednesday,February
Thursday,October
Wednesday,June
Sunday,June
Saturday,April
Tuesday,October
Wednesday,September
Sunday,October
Wednesday,January
Tuesday,December
Sunday,March
Wednesday,April
Friday,November
Tuesday,February
Saturday,December
Thursday,December
Saturday,November
Friday,May
Sunday,November
Thursday,November
Monday,October
Saturday,January
Tuesday,May
Wednesday,October
Monday,January
Sunday,October
Monday,October
Wednesday,October
Saturday,April
Friday,March
Monday,September
Friday,December
Tuesday,February
Wednesday,November
Sunday,October
Wednesday,November
Saturday,February
Thursday,December
Thursday,January
Saturday,November
Saturday,October
Tuesday,January
Wednesday,November
Sunday,June
Saturday,February
Saturday,March
Monday,September
Sunday,October
Monday,November
Tuesday,September
Friday,September
Friday,February
Wednesday,June
Thursday,November
Monday,February
Monday,November
Wednesday,May
Tuesday,April
Thursday,March
Monday,February
Sunday,October
Tuesday,September
Friday,June
Monday,November
Monday,September
Wednesday,February
Friday,October
Wednesday,December
Monday,March
Sunday,March
Friday,December
Sunday,January
Saturday,October
Saturday,January
Thursday,October
Wednesday,November
Tuesday,February
Thursday,December
Monday,May
Wednesday,January
Monday,November
Thursday,January
Sunday,November
Monday,February
Sunday,April
Saturday,October
Friday,October
Thursday,November
Sunday,November
Saturday,November
Thursday,June
Sunday,May
Saturday,December
Thursday,April
Thursday,December
Friday,June
Sunday,March
Monday,October
Friday,May
Sunday,May
Wednesday,February
Wednesday,December
Tuesday,March
Wednesday,June
Saturday,January
Sunday,April
Monday,May
Sunday,March
Tuesday,October
Wednesday,October
Saturday,December
Wednesday,September
Tuesday,May
Monday,March
Tuesday,November
Saturday,May
Thursday,December
Thursday,October
Thursday,November
Saturday,June
Thursday,March
Thursday,September
Friday,November
Saturday,May
Friday,December
Wednesday,December
Friday,January
Tuesday,October
Friday,January
Tuesday,December
Thursday,May
Wednesday,October
Friday,May
Monday,September
Wednesday,October
Monday,June
Thursday,April
Friday,April
Monday,October
Thursday,December
Friday,June
Tuesday,April
Saturday,June
Thursday,January
Wednesday,March
Sunday,March
Saturday,March
Thursday,December
Wednesday,June
Thursday,December
Thursday,September
Sunday,May
Saturday,March
Monday,December
Thursday,September
Wednesday,June
Sunday,November
Tuesday,May
Monday,March
Tuesday,October
Wednesday,November
Sunday,January
Tuesday,February
Saturday,April
Sunday,April
Thursday,December
Thursday,October
Friday,April
Wednesday,November
Friday,October
Thursday,March
Wednesday,September
Sunday,March
Wednesday,June
Friday,October
Sunday,March
Wednesday,April
Monday,December
Thursday,October
Friday,May
Thursday,June
Thursday,January
Wednesday,April
Friday,December
Tuesday,September
Thursday,January
Saturday,June
Friday,January
Thursday,October
Saturday,December
Saturday,April
Tuesday,December
Monday,December
Thursday,June
Monday,April
Monday,November
Monday,October
Sunday,June
Monday,November
Friday,November
Thursday,January
Tuesday,March
Thursday,June
Saturday,November
Saturday,May
Sunday,November
Thursday,December
Monday,February
Monday,March
Tuesday,September
Tuesday,September
Sunday,September
Thursday,June
Saturday,September
Friday,January
Saturday,January
Thursday,April
Saturday,January
Sunday,May
Wednesday,November
Monday,May
Wednesday,December
Sunday,June
Friday,June
Saturday,December
Saturday,January
Thursday,October
Sunday,December
Monday,February
Thursday,November
Wednesday,June
Thursday,April
Tuesday,March
Friday,September
Thursday,October
Thursday,May
Saturday,September
Thursday,January
Wednesday,October
Saturday,May
Sunday,June
Sunday,December
Sunday,May
Friday,October
Wednesday,December
Wednesday,June
Thursday,October
Tuesday,March
Saturday,March
Thursday,October
Thursday,June
Friday,November
Thursday,March
Saturday,May
Wednesday,February
Wednesday,March
Saturday,April
Friday,January
Monday,March
Monday,February
Tuesday,September
Sunday,January
Tuesday,April
Thursday,January
Thursday,May
Thursday,May
Monday,March
Friday,May
Wednesday,September
Friday,November
Wednesday,March
Sunday,May
Tuesday,September
Wednesday,May
Sunday,November
Sunday,March
Saturday,June
Wednesday,January
Friday,January
Sunday,October
Saturday,January
Tuesday,October
Tuesday,February
Sunday,October
Saturday,April
Wednesday,November
Monday,November
Tuesday,October
Friday,May
Monday,December
Friday,December
Sunday,December
Monday,February
Sunday,December
Sunday,March
Monday,December
Monday,December
Thursday,June
Monday,February
Saturday,June
Tuesday,June
Friday,January
Monday,October
Thursday,March
Sunday,November
Sunday,November
Wednesday,September
Wednesday,October
Wednesday,May
Thursday,October
Friday,November
Monday,October
Saturday,April
Tuesday,June
Friday,October
Thursday,May
Friday,October
Sunday,May
Wednesday,April
Monday,May
Thursday,October
Thursday,March
Monday,November
Sunday,May
Thursday,October
Wednesday,December
Wednesday,January
Thursday,October
Wednesday,October
Sunday,September
Friday,May
Tuesday,May
Tuesday,January
Wednesday,September
Thursday,December
Thursday,November
Friday,April
Sunday,October
Wednesday,April
Monday,September
Sunday,March
Saturday,February
Saturday,October
Tuesday,December
Saturday,April
Thursday,June
Thursday,January
Monday,June
Thursday,November
Wednesday,October
Monday,November
Tuesday,June
Sunday,January
Tuesday,April
Monday,October
Thursday,October
Friday,May
Friday,February
Thursday,October
Friday,April
Saturday,November
Wednesday,March
Tuesday,November
Monday,January
Wednesday,April
Wednesday,September
Thursday,April
Thursday,November
Friday,February
Wednesday,September
Monday,December
Monday,November
Saturday,December
Sunday,December
Sunday,September
Saturday,May
Monday,October
Sunday,January
Saturday,May
Thursday,November
Thursday,December
Sunday,May
Sunday,March
Monday,May
Wednesday,January
Saturday,October
Thursday,January
Sunday,September
Saturday,June
Sunday,March
Saturday,November
Wednesday,March
Friday,January
Wednesday,May
Sunday,October
Monday,May
Saturday,October
Sunday,December
Saturday,December
Thursday,March
Sunday,January
Wednesday,November
Saturday,January
Friday,March
Friday,June
Friday,December
Tuesday,March
Friday,March
Tuesday,January
Sunday,February
Tuesday,March
Wednesday,November
Wednesday,June
Friday,January
Thursday,September
Wednesday,November
Friday,January
Wednesday,September
Tuesday,October
Wednesday,November
Friday,December
Thursday,October
Monday,May
Tuesday,April
Wednesday,November
Saturday,April
Tuesday,September
Friday,April
Saturday,February
Thursday,March
Tuesday,April
Thursday,March
Thursday,November
Thursday,May
Wednesday,May
Friday,May
Thursday,April
Friday,September
Friday,April
Saturday,November
Monday,January
Friday,February
Wednesday,November
Sunday,November
Thursday,April
Thursday,October
Monday,January
Monday,April
Saturday,November
Wednesday,September
Sunday,April
Friday,March
Sunday,December
Saturday,January
Sunday,June
Saturday,April
Tuesday,December
Thursday,May
Sunday,January
Monday,November
Tuesday,December
Friday,January
Wednesday,June
Wednesday,April
Thursday,February
Tuesday,November
Saturday,May
Tuesday,September
Tuesday,December
Thursday,September
Sunday,May
Saturday,February
Monday,November
Sunday,December
Friday,February
Wednesday,September
Monday,February
Saturday,November
Monday,January
Saturday,September
Tuesday,October
Monday,October
Saturday,April
Sunday,December
Saturday,October
Sunday,September
Monday,October
Thursday,September
Friday,March
Monday,January
Saturday,February
Saturday,October
Sunday,September
Thursday,April
Monday,October
Friday,April
Tuesday,March
Tuesday,September
Tuesday,October
Thursday,January
Tuesday,December
Monday,November
Friday,February
Friday,September
Friday,May
Friday,September
Wednesday,October
Wednesday,September
Wednesday,June
Tuesday,February
Sunday,April
Monday,April
Friday,May
Monday,May
Saturday,June
Friday,September
Friday,December
Thursday,April
Sunday,November
Sunday,December
Tuesday,October
Wednesday,February
Wednesday,November
Monday,June
Sunday,November
Saturday,March
Monday,December
Monday,May
Thursday,December
Monday,May
Tuesday,December
Thursday,February
Monday,January
Wednesday,December
Sunday,November
Friday,September
Sunday,December
Friday,November
Friday,May
Saturday,April
Thursday,June
Thursday,October
Monday,June
Monday,November
Wednesday,March
Sunday,May
Tuesday,December
Monday,September
Tuesday,January
Sunday,December
Wednesday,December
Wednesday,March
Wednesday,January
Thursday,May
Tuesday,March
Friday,October
Sunday,March
Tuesday,October
Tuesday,October
Saturday,May
Monday,May
Wednesday,November
Wednesday,February
Tuesday,May
Monday,June
Tuesday,March
Sunday,October
Tuesday,September
Friday,November
Monday,May
Saturday,June
Tuesday,April
Monday,March
Sunday,April
Sunday,November
Monday,April
Thursday,April
Wednesday,December
Wednesday,January
Tuesday,October
Wednesday,October
Wednesday,February
Thursday,October
Wednesday,May
Thursday,October
Wednesday,June
Sunday,November
Sunday,June
Monday,November
Thursday,March
Wednesday,December
Tuesday,September
Wednesday,January
Friday,April
Monday,November
Sunday,May
Tuesday,November
Thursday,September
Saturday,May
Thursday,October
Monday,February
Thursday,November
Saturday,May
Monday,September
Thursday,February
Thursday,November
Tuesday,October
Saturday,March
Thursday,March
Wednesday,October
Friday,April
Sunday,November
Saturday,October
Monday,March
Monday,October
Friday,April
Wednesday,May
Wednesday,March
Sunday,September
Sunday,May
Sunday,October
Monday,February
Wednesday,December
Thursday,April
Friday,December
Friday,March
Tuesday,October
Friday,September
Friday,April
Monday,November
Saturday,January
Tuesday,October
Sunday,April
Friday,June
Sunday,February
Wednesday,February
Monday,September
Saturday,February
Sunday,November
Thursday,May
Friday,October
Sunday,September
Thursday,October
Tuesday,June
Tuesday,November
Tuesday,December
Wednesday,November
Monday,November
Friday,June
Monday,November
Wednesday,April
Tuesday,March
Friday,May
Sunday,December
Wednesday,June
Thursday,September
Monday,June
Monday,May
Monday,June
Saturday,February
Monday,September
Monday,March
Sunday,September
Wednesday,January
Wednesday,April
Saturday,March
Sunday,September
Thursday,May
Monday,April
Monday,May
Monday,June
Thursday,November
Thursday,June
Sunday,June
Friday,June
Thursday,December
Tuesday,September
Sunday,March
Thursday,October
Friday,April
Thursday,June
Friday,April
Saturday,September
Monday,May
Thursday,November
Saturday,June
Monday,May
Friday,June
Friday,November
Thursday,January
Sunday,October
Thursday,December
Saturday,December
Saturday,June
Wednesday,December
Wednesday,April
Saturday,November
Monday,May
Tuesday,January
Wednesday,May
Tuesday,January
Friday,December
Saturday,January
Thursday,January
Monday,May
Saturday,November
Friday,November
Sunday,November
Thursday,December
Tuesday,September
Thursday,June
Sunday,March
Wednesday,December
Thursday,February
Wednesday,January
Wednesday,April
Monday,December
Thursday,February
Saturday,February
Saturday,April
Friday,November
Saturday,December
Friday,January
Tuesday,March
Tuesday,October
Saturday,February
Friday,October
Saturday,September
Tuesday,October
Monday,December
Tuesday,May
Sunday,January
Monday,November
Saturday,March
Monday,May
Friday,October
Tuesday,March
Friday,June
Saturday,February
Saturday,February
Sunday,March
Wednesday,February
Tuesday,April
Wednesday,October
Sunday,April
Saturday,October
Friday,November
Friday,December
Sunday,February
Tuesday,June
Saturday,November
Sunday,September
Saturday,April
Tuesday,April
Monday,March
Wednesday,November
Saturday,November
Tuesday,October
Wednesday,January
Friday,November
Wednesday,April
Sunday,April
Sunday,January
Sunday,December
Wednesday,April
Sunday,May
Thursday,January
Wednesday,November
Friday,March
Monday,October
Saturday,April
Thursday,March
Saturday,September
Tuesday,October
Tuesday,September
Sunday,November
Thursday,December
Tuesday,December
Thursday,June
Sunday,June
Wednesday,October
Thursday,October
Wednesday,January
Sunday,December
Saturday,April
Tuesday,March
Monday,June
Saturday,October
Wednesday,March
Thursday,December
Friday,September
Thursday,January
Monday,June
Monday,November
Thursday,October
Tuesday,November
Monday,March
Monday,June
Thursday,February
Tuesday,October
Tuesday,September
Saturday,October
Wednesday,September
Tuesday,November
Wednesday,April
Thursday,April
Thursday,April
Sunday,September
Monday,October
Friday,October
Thursday,May
Friday,September
Tuesday,December
Sunday,September
Friday,April
Thursday,January
Tuesday,February
Saturday,January
Monday,June
Sunday,December
Friday,January
Monday,November
Tuesday,October
Monday,May
Saturday,March
Tuesday,February
Saturday,May
Sunday,October
Wednesday,October
Wednesday,February
Tuesday,September
Thursday,March
Sunday,March
Friday,January
Friday,October
Sunday,January
Wednesday,February
Wednesday,October
Wednesday,November
Saturday,February
Sunday,June
Wednesday,March
Saturday,December
Friday,December
Wednesday,April
Sunday,March
Saturday,September
Saturday,April
Thursday,January
Sunday,May
Friday,September
Monday,September
Tuesday,October
Sunday,November
Tuesday,April
Saturday,April
Friday,June
Tuesday,June
Tuesday,September
Wednesday,October
Thursday,June
Sunday,November
Thursday,November
Friday,November
Thursday,December
Monday,May
Thursday,October
Friday,November
Wednesday,October
Wednesday,April
Wednesday,November
Monday,April
Friday,December
Sunday,September
Tuesday,December
Wednesday,November
Sunday,October
Thursday,May
Sunday,March
Thursday,October
Sunday,February
Wednesday,September
Friday,April
Friday,September
Sunday,March
Friday,June
Wednesday,September
Monday,October
Thursday,June
Tuesday,October
Sunday,February
Monday,February
Friday,October
Sunday,March
Friday,December
Thursday,May
Tuesday,June
Sunday,December
Thursday,October
Sunday,March
Saturday,October
Sunday,May
Saturday,December
Thursday,November
Tuesday,November
Thursday,March
Friday,January
Thursday,May
Wednesday,November
Thursday,May
Friday,October
Friday,November
Thursday,February
Friday,September
Monday,November
Sunday,December
Thursday,June
Saturday,January
Thursday,June
Wednesday,October
Friday,May
Thursday,April
Saturday,September
Saturday,October
Monday,May
Thursday,June
Tuesday,October
Wednesday,January
Tuesday,December
Monday,December
Tuesday,September
Sunday,September
Sunday,November
Sunday,September
Saturday,December
Sunday,May
Monday,February
Monday,April
Thursday,June
Friday,May
Tuesday,September
Saturday,February
Thursday,February
Wednesday,September
Friday,January
Friday,May
Sunday,December
Wednesday,April
Sunday,May
Wednesday,October
Friday,March
Wednesday,November
Thursday,October
Saturday,September
Monday,December
Sunday,November
Tuesday,April
Friday,February
Tuesday,March
Sunday,January
Sunday,October
Wednesday,October
Wednesday,November
Tuesday,June
Monday,May
Monday,May
Friday,January
Tuesday,December
Friday,January
Sunday,May
Friday,January
Wednesday,November
Wednesday,November
Tuesday,October
Saturday,January
Friday,December
Wednesday,February
Friday,November
Tuesday,January
Sunday,December
Wednesday,December
Wednesday,March
Friday,November
Thursday,September
Wednesday,February
Friday,November
Saturday,January
Tuesday,March
Thursday,January
Thursday,March
Thursday,November
Saturday,October
Sunday,November
Saturday,January
Wednesday,December
Saturday,January
Thursday,April
Friday,February
Saturday,February
Thursday,December
Tuesday,March
Thursday,April
Monday,March
Saturday,March
Thursday,January
Saturday,June
Tuesday,December
Thursday,December
Thursday,May
Friday,December
Saturday,April
Saturday,December
Friday,January
Monday,December
Sunday,December
Wednesday,June
Thursday,October
Sunday,November
Monday,December
Saturday,May
Thursday,January
Wednesday,December
Thursday,February
Sunday,September
Sunday,January
Thursday,February
Monday,December
Wednesday,December
Thursday,April
Tuesday,December
Wednesday,January
Monday,March
Wednesday,September
Thursday,January
Monday,June
Sunday,December
Monday,February
Friday,October
Sunday,September
Wednesday,January
Tuesday,May
Thursday,November
Monday,May
Friday,April
Tuesday,October
Friday,February
Monday,February
Wednesday,January
Friday,June
Friday,October
Thursday,April
Thursday,November
Tuesday,October
Saturday,October
Tuesday,June
Sunday,April
Friday,April
Friday,December
Saturday,October
Tuesday,May
Saturday,January
Friday,April
Wednesday,April
Saturday,September
Sunday,October
Friday,June
Wednesday,June
Monday,October
Monday,February
Saturday,October
Sunday,November
Tuesday,January
Wednesday,January
Tuesday,October
Saturday,January
Saturday,December
Saturday,November
Monday,October
Wednesday,December
Friday,November
Tuesday,January
Wednesday,October
Wednesday,February
Friday,January
Tuesday,December
Wednesday,May
Saturday,February
Friday,September
Tuesday,November
Sunday,February
Tuesday,December
Thursday,September
Sunday,March
Monday,December
Sunday,December
Sunday,January
Saturday,March
Wednesday,January
Saturday,January
Tuesday,January
Wednesday,November
Wednesday,April
Thursday,December
Wednesday,September
Tuesday,December
Wednesday,March
Tuesday,November
Wednesday,October
Saturday,January
Wednesday,October
Monday,March
Sunday,December
Wednesday,March
Wednesday,April
Friday,October
Friday,January
Wednesday,September
Tuesday,October
Wednesday,January
Wednesday,April
Saturday,December
Monday,September
Friday,March
Tuesday,May
Thursday,January
Thursday,May
Thursday,October
Wednesday,January
Friday,November
Sunday,December
Thursday,October
Monday,November
Thursday,June
Saturday,February
Wednesday,March
Monday,December
Thursday,December
Thursday,March
Wednesday,November
Saturday,January
Thursday,January
Friday,October
Friday,November
Sunday,April
Tuesday,December
Friday,December
Wednesday,December
Saturday,January
Saturday,January
Thursday,December
Monday,January
Sunday,December
Friday,June
Sunday,February
Monday,November
Monday,October
Sunday,February
Monday,June
Tuesday,March
Thursday,November
Saturday,December
Monday,April
Sunday,September
Monday,March
Wednesday,March
Friday,June
Monday,June
Saturday,January
Thursday,March
Sunday,May
Wednesday,March
Friday,September
Thursday,December
Tuesday,March
Wednesday,April
Monday,November
Wednesday,May
Thursday,March
Wednesday,June
Monday,May
Friday,April
Monday,October
Sunday,June
Sunday,December
Monday,September
Saturday,April
Thursday,December
Saturday,November
Wednesday,September
Monday,May
Monday,December
Thursday,November
Thursday,January
Tuesday,January
Sunday,September
Monday,November
Friday,January
Monday,March
Monday,March
Thursday,June
Wednesday,December
Tuesday,March
Tuesday,December
Friday,March
Friday,February
Monday,November
Sunday,January
Sunday,February
Wednesday,October
Sunday,March
Monday,December
Wednesday,March
Thursday,January
Friday,February
Wednesday,November
Thursday,December
Saturday,January
Tuesday,May
Thursday,May
Saturday,May
Thursday,October
Wednesday,November
Thursday,March
Friday,September
Friday,May
Monday,May
Thursday,January
Monday,September
Tuesday,September
Tuesday,October
Wednesday,September
Saturday,December
Thursday,March
Saturday,September
Wednesday,January
Thursday,June
Wednesday,June
Sunday,November
Sunday,November
Wednesday,June
Tuesday,April
Tuesday,October
Friday,December
Tuesday,June
Monday,May
Sunday,October
Tuesday,October
Friday,October
Sunday,November
Saturday,October
Saturday,September
Sunday,September
Wednesday,October
Wednesday,November
Saturday,April
Friday,October
Thursday,September
Thursday,December
Saturday,December
Tuesday,November
Saturday,November
Tuesday,January
Saturday,January
Friday,December
Tuesday,May
Monday,April
Tuesday,September
Monday,November
Thursday,March
Friday,February
Friday,April
Wednesday,February
Tuesday,October
Saturday,November
Wednesday,April
Tuesday,June
Monday,November
Tuesday,May
Monday,February
Friday,January
Sunday,June
Thursday,November
Tuesday,February
Sunday,May
Tuesday,February
Thursday,November
Saturday,October
Monday,April
Tuesday,November
Monday,October
Sunday,February
Friday,October
Tuesday,March
Monday,May
Tuesday,December
Monday,September
Sunday,February
Tuesday,October
Saturday,April
Monday,October
Saturday,November
Tuesday,April
Tuesday,December
Saturday,April
Sunday,January
Tuesday,June
Sunday,November
Sunday,March
Wednesday,May
Friday,October
Wednesday,January
Tuesday,December
Friday,October
Thursday,June
Tuesday,November
Saturday,April
Wednesday,March
Monday,March
Tuesday,December
Tuesday,March
Thursday,June
Friday,April
Tuesday,October
Thursday,March
Monday,February
Tuesday,January
Saturday,December
Tuesday,June
Saturday,January
Monday,May
Thursday,June
Saturday,September
Friday,January
Saturday,December
Sunday,December
Monday,October
Monday,March
Thursday,May
Saturday,April
Wednesday,January
Tuesday,December
Saturday,February
Thursday,March
Thursday,December
Tuesday,October
Friday,May
Wednesday,January
Monday,September
Tuesday,April
Thursday,February
Saturday,September
Friday,November
Wednesday,October
Thursday,February
Tuesday,December
Tuesday,October
Monday,March
Monday,May
Tuesday,June
Monday,September
Monday,May
Thursday,April
Monday,December
Tuesday,September
Monday,November
Saturday,October
Saturday,December
Sunday,December
Wednesday,September
Sunday,December
Wednesday,June
Tuesday,May
Wednesday,December
Wednesday,October
Thursday,October
Monday,February
Thursday,June
Saturday,April
Saturday,September
Tuesday,October
Sunday,January
Saturday,October
Wednesday,March
Wednesday,June
Monday,April
Saturday,November
Monday,January
Friday,April
Wednesday,May
Wednesday,June
Wednesday,October
Thursday,June
Thursday,October
Wednesday,September
Saturday,February
Friday,November
Tuesday,January
Monday,November
Wednesday,April
Friday,November
Sunday,November
Thursday,October
Wednesday,January
Saturday,November
Wednesday,January
Sunday,February
Monday,September
Thursday,June
Saturday,October
Monday,March
Monday,March
Monday,November
Thursday,May
Saturday,November
Friday,November
Monday,November
Saturday,November
Sunday,April
Thursday,March
Thursday,April
Thursday,November
Monday,September
Monday,December
Sunday,April
Thursday,February
Saturday,January
Sunday,December
Saturday,June
Saturday,November
Monday,May
Monday,December
Tuesday,May
Sunday,January
Friday,March
Sunday,May
Thursday,April
Tuesday,January
Friday,December
Saturday,June
Saturday,May
Sunday,November
Tuesday,October
Friday,June
Tuesday,September
Sunday,February
Monday,April
Thursday,April
Tuesday,March
Sunday,June
Thursday,October
Sunday,October
Sunday,January
Monday,January
Tuesday,April
Monday,October
Sunday,January
Monday,December
Wednesday,December
Tuesday,October
Thursday,May
Thursday,October
Wednesday,March
Wednesday,June
Sunday,December
Tuesday,May
Thursday,June
Sunday,October
Friday,January
Thursday,June
Saturday,March
Monday,October
Tuesday,October
Wednesday,September
Saturday,September
Friday,October
Thursday,February
Friday,October
Saturday,February
Saturday,October
Monday,November
Thursday,October
Sunday,November
Friday,November
Thursday,January
Tuesday,June
Thursday,November
Monday,September
Sunday,November
Tuesday,September
Tuesday,March
Tuesday,September
Friday,October
Friday,June
Sunday,May
Monday,October
Monday,January
Sunday,November
Monday,May
Tuesday,December
Saturday,February
Tuesday,December
Thursday,February
Sunday,December
Wednesday,June
Monday,February
Monday,September
Wednesday,September
Friday,May
Wednesday,November
Sunday,October
Wednesday,January
Saturday,September
Monday,September
Wednesday,October
Friday,January
Monday,May
Thursday,March
Thursday,October
Friday,September
Tuesday,March
Thursday,December
Monday,January
Saturday,October
Saturday,November
Thursday,December
Friday,December
Sunday,March
Sunday,May
Friday,March
Sunday,December
Friday,March
Thursday,June
Saturday,February
Tuesday,June
Sunday,March
Thursday,December
Thursday,March
Thursday,January
Friday,November
Friday,December
Tuesday,May
Saturday,January
Monday,December
Monday,December
Friday,October
Monday,June
Friday,November
Wednesday,June
Thursday,June
Tuesday,April
Saturday,December
Tuesday,November
Thursday,January
Wednesday,December
Sunday,May
Wednesday,September
Sunday,November
Monday,June
Tuesday,October
Wednesday,June
Wednesday,December
Monday,April
Monday,October
Friday,November
Tuesday,October
Wednesday,December
Monday,December
Wednesday,May
Tuesday,September
Friday,October
Saturday,October
Thursday,November
Monday,January
Saturday,February
Friday,May
Thursday,December
Friday,January
Saturday,March
Sunday,February
Wednesday,December
Saturday,October
Sunday,February
Wednesday,April
Monday,March
Wednesday,April
Tuesday,May
Saturday,October
Saturday,November
Tuesday,December
Saturday,May
Saturday,May
Wednesday,May
Thursday,April
Tuesday,June
Monday,October
Friday,December
Saturday,January
Wednesday,September
Thursday,October
Thursday,March
Monday,April
Tuesday,October
Wednesday,January
Sunday,March
Sunday,September
Monday,September
Thursday,March
Friday,September
Monday,May
Saturday,February
Monday,February
Monday,September
Wednesday,October
Sunday,May
Thursday,February
Wednesday,April
Wednesday,December
Friday,June
Saturday,December
Sunday,November
Friday,January
Wednesday,May
Saturday,September
Wednesday,January
Sunday,December
Sunday,June
Friday,December
Thursday,February
Monday,June
Thursday,June
Sunday,April
Wednesday,September
Wednesday,November
Wednesday,January
Wednesday,January
Saturday,September
Wednesday,November
Friday,April
Saturday,April
Tuesday,October
Friday,November
Saturday,February
Monday,September
Friday,May
Wednesday,June
Thursday,December
Sunday,November
Thursday,January
Wednesday,November
Sunday,November
Friday,May
Wednesday,February
Wednesday,September
Tuesday,April
Friday,March
Friday,April
Saturday,November
Sunday,November
Tuesday,April
Tuesday,December
Sunday,December
Monday,November
Friday,October
Sunday,January
Saturday,December
Wednesday,November
Wednesday,November
Sunday,January
Monday,May
Sunday,January
Wednesday,May
Tuesday,December
Tuesday,September
Tuesday,May
Tuesday,November
Friday,February
Thursday,January
Wednesday,January
Thursday,October
Wednesday,September
Sunday,November
Monday,June
Monday,September
Thursday,February
Saturday,October
Tuesday,May
Tuesday,January
Wednesday,January
Wednesday,September
Saturday,May
Saturday,May
Wednesday,April
Tuesday,April
Friday,September
Wednesday,December
Monday,February
Wednesday,February
Friday,April
Friday,December
Monday,April
Monday,December
Monday,June
Saturday,October
Sunday,November
Saturday,October
Wednesday,May
Saturday,December
Saturday,October
Sunday,November
Wednesday,November
Sunday,March
Monday,December
Sunday,January
Monday,February
Thursday,March
Sunday,May
Wednesday,December
Tuesday,June
Saturday,January
Tuesday,May
Monday,December
Thursday,March
Friday,December
Tuesday,March
Monday,April
Saturday,February
Tuesday,March
Sunday,November
Saturday,October
Tuesday,February
Sunday,September
Friday,September
Friday,January
Monday,February
Saturday,June
Monday,February
Friday,June
Sunday,December
Thursday,May
Thursday,April
Thursday,October
Saturday,March
Thursday,February
Thursday,February
Tuesday,September
Wednesday,March
Thursday,January
Wednesday,March
Saturday,April
Sunday,October
Tuesday,January
Sunday,September
Monday,February
Thursday,October
Monday,October
Saturday,November
Monday,June
Friday,October
Monday,October
Monday,December
Sunday,October
Wednesday,February
Friday,March
Friday,February
Sunday,April
Tuesday,June
Sunday,October
Thursday,March
Tuesday,February
Wednesday,May
Saturday,April
Monday,March
Sunday,May
Wednesday,May
Thursday,June
Tuesday,June
Saturday,April
Saturday,January
Wednesday,June
Tuesday,March
Wednesday,May
Saturday,June
Saturday,April
Tuesday,March
Wednesday,December
Sunday,November
Saturday,September
Tuesday,April
Monday,September
Sunday,December
Saturday,May
Sunday,February
Monday,May
Wednesday,November
Friday,January
Monday,December
Monday,March
Wednesday,September
Saturday,February
Wednesday,April
Tuesday,February
Sunday,June
Friday,October
Saturday,October
Monday,October
Thursday,October
Friday,April
Sunday,November
Sunday,May
Monday,February
Friday,June
Sunday,April
Monday,March
Tuesday,March
Saturday,April
Monday,September
Friday,May
Sunday,November
Thursday,December
Monday,November
Sunday,September
Wednesday,October
Friday,February
Thursday,March
Friday,October
Thursday,September
Wednesday,November
Monday,September
Thursday,May
Sunday,December
Tuesday,June
Sunday,April
Wednesday,March
Sunday,May
Wednesday,May
Sunday,November
Wednesday,November
Friday,February
Wednesday,June
Thursday,November
Wednesday,November
Thursday,September
Sunday,March
Tuesday,May
Tuesday,June
Monday,March
Wednesday,June
Friday,February
Saturday,December
Friday,October
Friday,March
Tuesday,March
Saturday,December
Friday,June
Saturday,March
Monday,February
Tuesday,September
Tuesday,September
Wednesday,March
Wednesday,January
Wednesday,November
Friday,May
Monday,September
Saturday,October
Sunday,June
Thursday,October
Wednesday,December
Wednesday,November
Thursday,March
Wednesday,November
Monday,January
Tuesday,February
Friday,January
Sunday,October
Monday,June
Wednesday,December
Tuesday,June
Monday,September
Saturday,February
Friday,September
Sunday,November
Thursday,March
Sunday,January
Saturday,September
Thursday,June
Sunday,June
Sunday,February
Monday,March
Monday,October
Thursday,November
Tuesday,November
Saturday,October
Saturday,January
Saturday,January
Monday,June
Tuesday,December
Thursday,April
Monday,November
Wednesday,May
Thursday,February
Tuesday,March
Monday,September
Saturday,November
Friday,October
Wednesday,March
Monday,September
Monday,November
Monday,December
Saturday,October
Friday,April
Sunday,December
Thursday,December
Thursday,May
Friday,November
Friday,May
Wednesday,January
Wednesday,March
Tuesday,December
Monday,May
Saturday,April
Tuesday,November
Wednesday,June
Tuesday,March
Sunday,March
Thursday,June
Friday,January
Saturday,April
Wednesday,December
Thursday,January
Wednesday,December
Thursday,December
Monday,September
Tuesday,January
Wednesday,June
Friday,January
Friday,February
Tuesday,December
Tuesday,October
Wednesday,December
Saturday,May
Friday,May
Friday,February
Wednesday,April
Sunday,October
Tuesday,June
Saturday,April
Tuesday,May
Monday,April
Monday,June
Thursday,November
Friday,November
Friday,June
Wednesday,September
Saturday,April
Saturday,November
Thursday,December
Friday,November
Thursday,November
Wednesday,June
Friday,November
Wednesday,March
Saturday,January
Sunday,December
Tuesday,February
Sunday,September
Tuesday,November
Monday,October
Sunday,March
Tuesday,December
Wednesday,December
Saturday,November
Saturday,October
Saturday,December
Saturday,April
Friday,January
Monday,June
Thursday,April
Sunday,February
Thursday,November
Saturday,October
Wednesday,November
Sunday,October
Thursday,November
Saturday,March
Thursday,December
Saturday,June
Monday,October
Tuesday,April
Monday,March
Sunday,November
Sunday,September
Sunday,February
Tuesday,March
Monday,October
Sunday,December
Thursday,February
Monday,November
Friday,June
Wednesday,April
Monday,December
Thursday,February
Friday,December
Friday,March
Friday,November
Tuesday,June
Wednesday,September
Sunday,June
Monday,June
Saturday,February
Saturday,November
Friday,May
Friday,February
Sunday,June
Tuesday,October
Thursday,April
Sunday,May
Sunday,January
Tuesday,December
Friday,February
Sunday,September
Sunday,March
Monday,May
Tuesday,January
Sunday,September
Saturday,May
Tuesday,November
Wednesday,November
Thursday,December
Sunday,September
Wednesday,March
Thursday,November
Saturday,April
Friday,September
Wednesday,January
Friday,November
Sunday,March
Wednesday,October
Saturday,November
Monday,June
Wednesday,November
Saturday,November
Monday,June
Tuesday,October
Tuesday,May
Tuesday,March
Thursday,June
Friday,October
Friday,March
Monday,December
Sunday,September
Saturday,October
Saturday,October
Sunday,December
Sunday,September
Wednesday,September
Tuesday,May
Friday,October
Wednesday,November
Friday,February
Tuesday,January
Sunday,June
Sunday,November
Saturday,December
Monday,October
Saturday,January
Wednesday,December
Saturday,November
Saturday,January
Sunday,November
Monday,September
Thursday,April
Wednesday,June
Saturday,April
Sunday,November
Wednesday,November
Sunday,March
Thursday,April
Friday,December
Friday,January
Tuesday,March
Monday,January
Saturday,June
Sunday,September
Wednesday,April
Saturday,April
Wednesday,May
Saturday,December
Wednesday,May
Sunday,March
Sunday,May
Thursday,March
Friday,December
Sunday,September
Wednesday,March
Sunday,November
Saturday,March
Sunday,November
Wednesday,February
Wednesday,November
Thursday,October
Tuesday,September
Thursday,April
Thursday,September
Saturday,March
Monday,January
Thursday,March
Tuesday,June
Sunday,September
Thursday,March
Sunday,June
Sunday,November
Sunday,March
Monday,November
Wednesday,December
Tuesday,February
Wednesday,January
Friday,February
Thursday,January
Wednesday,January
Friday,October
Monday,December
Saturday,December
Monday,September
Sunday,November
Friday,October
Tuesday,September
Saturday,February
Thursday,June
Thursday,October
Wednesday,October
Tuesday,September
Monday,October
Tuesday,October
Friday,April
Sunday,June
Tuesday,May
Tuesday,October
Monday,April
Wednesday,February
Saturday,December
Thursday,May
Thursday,October
Wednesday,January
Thursday,January
Thursday,February
Wednesday,April
Tuesday,June
Saturday,June
Thursday,December
Friday,October
Friday,February
Thursday,November
Friday,February
Sunday,April
Monday,February
Tuesday,December
Sunday,November
Saturday,February
Saturday,October
Saturday,February
Monday,January
Friday,November
Saturday,January
Friday,October
Tuesday,June
Tuesday,April
Wednesday,April
Saturday,April
Friday,April
Saturday,December
Thursday,May
Saturday,December
Saturday,October
Saturday,December
Tuesday,March
Tuesday,January
Friday,December
Monday,November
Thursday,March
Saturday,December
Thursday,February
Thursday,September
Tuesday,November
Wednesday,November
Tuesday,October
Monday,February
Thursday,June
Saturday,February
Saturday,December
Thursday,October
Monday,November
Wednesday,November
Thursday,November
Wednesday,February
Friday,January
Sunday,May
Saturday,March
Sunday,November
Monday,December
Tuesday,May
Friday,June
Monday,December
Tuesday,November
Sunday,December
Friday,December
Sunday,November
Sunday,March
Sunday,April
Monday,November
Sunday,January
Tuesday,October
Wednesday,October
Sunday,March
Monday,September
Saturday,February
Wednesday,April
Sunday,September
Saturday,November
Tuesday,June
Saturday,November
Sunday,September
Saturday,February
Monday,October
Saturday,June
Wednesday,November
Thursday,June
Friday,April
Friday,December
Thursday,April
Monday,January
Saturday,September
Tuesday,December
Sunday,January
Friday,September
Sunday,May
Saturday,December
Saturday,November
Saturday,April
Tuesday,February
Sunday,February
Sunday,November
Sunday,May
Friday,April
Saturday,April
Tuesday,November
Saturday,May
Wednesday,January
Tuesday,November
Thursday,December
Tuesday,April
Sunday,November
Wednesday,September
Sunday,November
Monday,October
Thursday,January
Sunday,December
Thursday,June
Sunday,February
Thursday,May
Thursday,October
Monday,December
Friday,February
Monday,October
Thursday,September
Sunday,April
Thursday,December
Wednesday,April
Wednesday,January
Tuesday,March
Wednesday,September
Tuesday,December
Wednesday,March
Friday,February
Friday,April
Wednesday,November
Friday,October
Thursday,January
Thursday,October
Monday,September
Monday,November
Thursday,March
Thursday,December
Friday,June
Wednesday,June
Thursday,June
Friday,November
Monday,November
Monday,November
Tuesday,March
Thursday,September
Sunday,March
Friday,October
Monday,December
Friday,June
Wednesday,November
Friday,November
Tuesday,June
Sunday,February
Wednesday,September
Friday,April
Thursday,September
Friday,April
Thursday,February
Saturday,September
Sunday,June
Saturday,November
Sunday,October
Wednesday,March
Wednesday,March
Thursday,November
Tuesday,October
Friday,May
Tuesday,March
Sunday,October
Wednesday,March
Monday,February
Friday,December
Monday,June
Wednesday,November
Wednesday,November
Saturday,April
Friday,November
Saturday,January
Tuesday,October
Monday,September
Thursday,January
Thursday,January
Thursday,November
Thursday,December
Wednesday,January
Friday,May
Monday,November
Tuesday,September
Monday,September
Wednesday,September
Tuesday,October
Tuesday,October
Friday,December
Saturday,June
Tuesday,February
Saturday,January
Sunday,January
Wednesday,January
Monday,October
Thursday,October
Tuesday,May
Thursday,May
Tuesday,January
Wednesday,December
Thursday,November
Monday,September
Friday,September
Thursday,April
Wednesday,September
Monday,September
Wednesday,November
Thursday,January
Saturday,December
Tuesday,January
Monday,December
Saturday,February
Monday,April
Friday,May
Saturday,September
Sunday,December
Friday,May
Wednesday,November
Monday,November
Saturday,May
Wednesday,November
Monday,September
Monday,May
Sunday,May
Sunday,February
Wednesday,April
Wednesday,April
Friday,October
Thursday,October
Monday,September
Saturday,February
Saturday,February
Thursday,April
Wednesday,March
Thursday,June
Tuesday,June
Friday,March
Saturday,March
Friday,October
Tuesday,March
Sunday,February
Monday,February
Friday,December
Saturday,December
Thursday,December
Wednesday,October
Thursday,December
Saturday,January
Saturday,January
Tuesday,September
Friday,February
Friday,April
Monday,September
Tuesday,October
Sunday,September
Sunday,April
Thursday,October
Friday,January
Thursday,October
Tuesday,October
Friday,November
Tuesday,March
Tuesday,October
Monday,January
Wednesday,June
Saturday,November
Thursday,September
Saturday,September
Wednesday,October
Saturday,March
Friday,November
Monday,March
Monday,October
Sunday,June
Wednesday,October
Wednesday,September
Wednesday,March
Monday,June
Friday,March
Saturday,April
Sunday,December
Tuesday,November
Wednesday,November
Saturday,September
Sunday,December
Wednesday,September
Monday,March
Tuesday,December
Tuesday,September
Thursday,May
Friday,November
Thursday,June
Wednesday,September
Tuesday,December
Thursday,June
Thursday,April
Wednesday,March
Wednesday,February
Wednesday,September
Thursday,January
Friday,September
Wednesday,September
Tuesday,September
Wednesday,May
Friday,January
Sunday,May
Sunday,April
Monday,May
Thursday,December
Friday,March
Friday,December
Sunday,February
Saturday,November
Monday,March
Tuesday,May
Wednesday,November
Tuesday,February
Monday,September
Thursday,October
Sunday,November
Thursday,November
Saturday,March
Saturday,March
Tuesday,September
Saturday,June
Monday,September
Sunday,September
Friday,May
Friday,January
Wednesday,November
Wednesday,October
Tuesday,January
Saturday,May
Wednesday,November
Saturday,May
Friday,January
Monday,November
Tuesday,June
Tuesday,June
Wednesday,April
Tuesday,March
Thursday,October
Saturday,June
Tuesday,June
Saturday,April
Thursday,February
Saturday,April
Tuesday,January
Tuesday,September
Friday,February
Tuesday,April
Monday,June
Thursday,April
Sunday,December
Wednesday,April
Thursday,June
Sunday,February
Sunday,January
Friday,May
Wednesday,April
Friday,November
Friday,January
Sunday,January
Monday,November
Friday,November
Sunday,November
Thursday,January
Friday,December
Tuesday,November
Monday,December
Friday,June
Tuesday,April
Tuesday,September
Monday,September
Tuesday,October
Sunday,November
Monday,January
Friday,October
Thursday,September
Sunday,May
Monday,December
Tuesday,February
Wednesday,January
Sunday,December
Wednesday,May
Wednesday,April
Saturday,January
Sunday,June
Sunday,May
Tuesday,March
Friday,May
Friday,May
Monday,June
Friday,March
Saturday,May
Monday,February
Friday,December
Sunday,March
Monday,March
Tuesday,March
Friday,December
Saturday,April
Tuesday,June
Friday,September
Friday,November
Monday,April
Saturday,October
Saturday,December
Wednesday,September
Monday,May
Sunday,February
Sunday,May
Monday,March
Sunday,February
Tuesday,December
Monday,December
Friday,May
Saturday,March
Sunday,December
Friday,December
Wednesday,December
Tuesday,February
Monday,November
Wednesday,June
Saturday,October
Saturday,September
Monday,May
Monday,June
Thursday,December
Monday,June
Wednesday,March
Saturday,September
Wednesday,April
Thursday,February
Monday,June
Wednesday,November
Monday,September
Thursday,November
Monday,December
Thursday,April
Saturday,March
Sunday,March
Sunday,May
Sunday,December
Thursday,October
Sunday,September
Sunday,September
Monday,June
Wednesday,February
Tuesday,May
Saturday,April
Wednesday,December
Tuesday,February
Tuesday,October
Thursday,October
Monday,October
Friday,January
Thursday,October
Monday,December
Friday,January
Monday,December
Saturday,February
Tuesday,May
Sunday,November
Saturday,September
Thursday,November
Wednesday,December
Wednesday,September
Saturday,March
Thursday,March
Friday,September
Monday,January
Tuesday,March
Wednesday,April
Saturday,December
Wednesday,November
Tuesday,September
Monday,December
Monday,March
Friday,February
Thursday,June
Saturday,September
Friday,December
Wednesday,September
Thursday,November
Monday,May
Sunday,February
Friday,October
Sunday,October
Sunday,March
Saturday,May
Wednesday,March
Sunday,April
Monday,March
Wednesday,December
Tuesday,March
Monday,January
Monday,February
Wednesday,April
Friday,June
Tuesday,January
Sunday,May
Friday,January
Sunday,May
Monday,January
Friday,June
Wednesday,December
Saturday,November
Friday,January
Sunday,May
Sunday,November
Thursday,September
Wednesday,March
Thursday,December
Monday,February
Sunday,November
Friday,November
Tuesday,June
Saturday,February
Tuesday,March
Sunday,March
Tuesday,December
Thursday,October
Saturday,October
Wednesday,September
Thursday,September
Sunday,December
Sunday,November
Sunday,April
Friday,October
Monday,October
Wednesday,December
Friday,October
Saturday,September
Saturday,October
Sunday,April
Tuesday,November
Monday,October
Tuesday,December
Tuesday,February
Friday,March
Monday,June
Tuesday,September
Monday,September
Saturday,October
Tuesday,September
Monday,June
Thursday,September
Monday,January
Saturday,September
Wednesday,March
Thursday,April
Saturday,February
Sunday,December
Saturday,February
Saturday,May
Monday,January
Thursday,December
Sunday,November
Wednesday,March
Tuesday,September
Thursday,October
Sunday,October
Saturday,January
Friday,November
Wednesday,November
Saturday,October
Saturday,October
Tuesday,December
Tuesday,November
Sunday,February
Thursday,October
Tuesday,March
Monday,December
Thursday,June
Monday,October
Monday,February
Tuesday,March
Friday,December
Wednesday,December
Friday,December
Saturday,September
Friday,December
Monday,May
Tuesday,May
Friday,February
Tuesday,December
Monday,September
Friday,November
Monday,December
Wednesday,April
Sunday,October
Thursday,November
Thursday,June
Saturday,September
Saturday,March
Monday,October
Tuesday,May
Friday,December
Tuesday,December
Sunday,March
Thursday,December
Thursday,June
Wednesday,September
Tuesday,March
Monday,May
Monday,October
Monday,December
Wednesday,October
Friday,May
Wednesday,October
Friday,February
Saturday,September
Tuesday,March
Thursday,March
Thursday,March
Sunday,January
Sunday,November
Tuesday,March
Wednesday,January
Tuesday,February
Friday,November
Thursday,January
Thursday,November
Saturday,December
Monday,June
Thursday,October
Sunday,November
Sunday,November
Wednesday,November
Saturday,January
Tuesday,October
Saturday,April
Tuesday,May
Thursday,December
Sunday,December
Sunday,May
Tuesday,October
Tuesday,October
Saturday,November
Wednesday,May
Wednesday,May
Wednesday,June
Friday,October
Tuesday,October
Monday,September
Sunday,February
Wednesday,October
Wednesday,October
Thursday,November
Thursday,October
Tuesday,December
Monday,December
Friday,May
Monday,October
Saturday,March
Thursday,October
Thursday,June
Thursday,January
Saturday,December
Thursday,May
Thursday,January
Monday,February
Tuesday,November
Wednesday,March
Tuesday,April
Sunday,December
Saturday,October
Sunday,June
Thursday,June
Saturday,November
Friday,February
Thursday,December
Wednesday,December
Saturday,February
Sunday,October
Sunday,June
Friday,October
Friday,March
Tuesday,June
Saturday,January
Sunday,January
Wednesday,September
Tuesday,December
Sunday,December
Wednesday,December
Friday,May
Wednesday,September
Saturday,November
Saturday,December
Saturday,January
Saturday,November
Thursday,April
Tuesday,December
Saturday,May
Thursday,September
Monday,November
Friday,April
Monday,December
Thursday,March
Thursday,October
Monday,February
Thursday,March
Thursday,September
Saturday,September
Tuesday,February
Monday,September
Friday,November
Wednesday,September
Wednesday,November
Saturday,January
Sunday,February
Monday,November
Saturday,October
Saturday,April
Friday,January
Tuesday,October
Sunday,November
Wednesday,October
Thursday,February
Tuesday,November
Saturday,February
Saturday,February
Friday,February
Monday,January
Wednesday,September
Tuesday,November
Sunday,June
Sunday,October
Sunday,May
Saturday,January
Sunday,April
Friday,May
Monday,February
Monday,February
Thursday,January
Sunday,March
Tuesday,October
Thursday,December
Thursday,March
Wednesday,October
Friday,November
Sunday,June
Wednesday,November
Friday,November
Tuesday,December
Thursday,October
Thursday,December
Sunday,December
Monday,September
Monday,June
Monday,October
Sunday,February
Wednesday,September
Saturday,December
Monday,February
Monday,March
Friday,December
Tuesday,December
Sunday,September
Monday,December
Tuesday,September
Saturday,September
Wednesday,June
Thursday,January
Monday,April
Sunday,April
Friday,March
Tuesday,November
Saturday,December
Monday,February
Monday,September
Tuesday,June
Tuesday,December
Wednesday,December
Wednesday,September
Monday,November
Friday,May
Thursday,April
Thursday,September
Tuesday,October
Thursday,October
Wednesday,November
Friday,April
Monday,June
Wednesday,December
Monday,May
Wednesday,September
Wednesday,April
Tuesday,April
Tuesday,May
Saturday,November
Wednesday,April
Sunday,February
Sunday,May
Thursday,June
Friday,June
Thursday,March
Saturday,January
Monday,May
Sunday,November
Saturday,June
Friday,April
Sunday,January
Friday,January
Thursday,June
Thursday,January
Saturday,May
Sunday,September
Thursday,January
Monday,December
Monday,January
Sunday,May
Tuesday,June
Thursday,January
Wednesday,May
Saturday,May
Sunday,June
Wednesday,February
Friday,May
Friday,November
Monday,January
Monday,May
Wednesday,March
Wednesday,April
Sunday,March
Sunday,December
Monday,October
Friday,November
Sunday,March
Wednesday,January
Monday,May
Friday,October
Monday,December
Monday,December
Thursday,September
Sunday,September
Wednesday,February
Monday,March
Saturday,February
Tuesday,May
Tuesday,February
Sunday,January
Wednesday,November
Tuesday,December
Monday,November
Saturday,October
Saturday,November
Friday,May
Monday,March
Monday,April
Saturday,October
Tuesday,October
Saturday,December
Sunday,April
Tuesday,October
Monday,March
Sunday,November
Thursday,March
Wednesday,December
Wednesday,March
Monday,October
Saturday,June
Tuesday,March
Wednesday,January
Sunday,April
Thursday,May
Wednesday,October
Friday,November
Wednesday,February
Sunday,May
Monday,November
Sunday,May
Wednesday,October
Tuesday,June
Friday,December
Monday,March
Tuesday,November
Sunday,October
Sunday,January
Friday,January
Thursday,October
Sunday,February
Sunday,November
Tuesday,February
Monday,September
Monday,June
Monday,January
Friday,October
Thursday,September
Saturday,January
Saturday,May
Wednesday,February
Saturday,February
Sunday,December
Monday,October
Thursday,March
Saturday,January
Tuesday,April
Friday,September
Saturday,January
Sunday,December
Saturday,November
Saturday,November
Wednesday,September
Tuesday,March
Wednesday,March
Tuesday,December
Monday,March
Friday,September
Sunday,November
Sunday,June
Thursday,January
Monday,February
Monday,November
Friday,April
Monday,December
Sunday,February
Tuesday,November
Friday,January
Tuesday,November
Thursday,January
Friday,November
Saturday,September
Saturday,April
Friday,October
Thursday,December
Sunday,April
Thursday,October
Friday,April
Monday,June
Friday,April
Monday,January
Wednesday,November
Thursday,November
Thursday,November
Tuesday,January
Friday,November
Friday,October
Thursday,November
Tuesday,May
Tuesday,September
Thursday,March
Saturday,January
Tuesday,June
Saturday,March
Friday,May
Friday,October
Friday,March
Thursday,March
Monday,March
Saturday,February
Monday,October
Saturday,March
Wednesday,February
Monday,December
Saturday,May
Thursday,October
Saturday,November
Saturday,June
Friday,January
Wednesday,May
Wednesday,October
Wednesday,January
Sunday,December
Saturday,June
Wednesday,January
Monday,December
Saturday,February
Tuesday,October
Sunday,January
Thursday,October
Sunday,November
Friday,September
Tuesday,December
Thursday,December
Wednesday,June
Wednesday,April
Thursday,October
Sunday,January
Monday,September
Wednesday,September
Friday,April
Friday,October
Saturday,May
Wednesday,October
Tuesday,December
Thursday,March
Sunday,June
Monday,June
Thursday,April
Wednesday,March
Saturday,May
Tuesday,December
Monday,January
Saturday,December
Friday,March
Monday,March
Monday,October
Tuesday,October
Wednesday,March
Monday,January
Friday,February
Friday,December
Saturday,February
Wednesday,November
Sunday,September
Saturday,November
Monday,June
Tuesday,December
Saturday,December
Monday,January
Monday,December
Friday,April
Friday,October
Thursday,June
Friday,June
Thursday,April
Sunday,December
Wednesday,April
Friday,September
Thursday,April
Thursday,October
Tuesday,September
Tuesday,September
Thursday,June
Monday,May
Thursday,June
Tuesday,June
Sunday,March
Monday,December
Tuesday,February
Sunday,November
Wednesday,December
Wednesday,November
Friday,January
Monday,June
Sunday,September
Wednesday,October
Monday,November
Wednesday,January
Tuesday,November
Monday,March
Sunday,October
Sunday,December
Sunday,September
Thursday,December
Friday,January
Wednesday,September
Sunday,March
Sunday,February
Tuesday,February
Tuesday,February
Friday,January
Saturday,June
Saturday,October
Sunday,June
Sunday,June
Friday,January
Tuesday,September
Saturday,May
Tuesday,September
Sunday,September
Wednesday,November
Monday,March
Friday,November
Friday,January
Sunday,January
Monday,December
Sunday,February
Sunday,February
Sunday,December
Saturday,April
Wednesday,November
Thursday,June
Monday,December
Thursday,May
Thursday,March
Tuesday,May
Tuesday,October
Saturday,September
Friday,January
Sunday,January
Sunday,December
Wednesday,May
Wednesday,April
Sunday,February
Sunday,May
Sunday,April
Wednesday,September
Wednesday,October
Monday,April
Sunday,February
Wednesday,April
Wednesday,March
Monday,September
Thursday,September
Wednesday,September
Sunday,December
Sunday,November
Sunday,October
Thursday,April
Monday,June
Wednesday,December
Friday,October
Wednesday,October
Monday,December
Wednesday,April
Friday,May
Sunday,March
Tuesday,March
Sunday,November
Sunday,October
Friday,May
Tuesday,February
Wednesday,June
Saturday,May
Wednesday,January
Sunday,February
Tuesday,October
Monday,October
Sunday,November
Thursday,October
Monday,December
Monday,May
Friday,September
Wednesday,June
Monday,April
Saturday,October
Thursday,October
Wednesday,October
Monday,September
Saturday,September
Friday,January
Wednesday,March
Monday,June
Tuesday,February
Saturday,November
Monday,October
Wednesday,October
Tuesday,March
Thursday,June
Monday,January
Sunday,September
Friday,November
Monday,October
Tuesday,September
Sunday,June
Friday,June
Sunday,March
Wednesday,June
Monday,November
Thursday,May
Wednesday,October
Thursday,December
Sunday,February
Saturday,January
Wednesday,September
Wednesday,September
Thursday,March
Monday,October
Saturday,December
Friday,June
Friday,January
Saturday,February
Sunday,December
Monday,June
Monday,March
Tuesday,March
Monday,December
Sunday,November
Sunday,January
Monday,June
Thursday,May
Wednesday,March
Monday,November
Friday,April
Sunday,September
Friday,December
Monday,September
Tuesday,January
Thursday,October
Monday,October
Friday,April
Monday,February
Wednesday,October
Tuesday,November
Thursday,March
Sunday,April
Thursday,January
Thursday,April
Thursday,October
Wednesday,November
Sunday,February
Wednesday,May
Friday,June
Tuesday,April
Thursday,February
Monday,February
Friday,December
Wednesday,December
Wednesday,June
Thursday,March
Saturday,October
Monday,December
Sunday,September
Tuesday,October
Sunday,May
Thursday,November
Monday,December
Wednesday,November
Sunday,November
Friday,October
Friday,November
Tuesday,December
Friday,December
Monday,April
Saturday,November
Thursday,January
Monday,March
Friday,May
Sunday,December
Monday,September
Sunday,December
Thursday,March
Wednesday,October
Friday,May
Wednesday,November
Monday,December
Monday,June
Saturday,June
Sunday,May
Wednesday,March
Friday,November
Saturday,April
Monday,January
Monday,March
Monday,November
Friday,May
Thursday,September
Sunday,June
Tuesday,February
Sunday,November
Monday,May
Saturday,January
Tuesday,February
Sunday,March
Saturday,April
Monday,March
Monday,May
Sunday,February
Thursday,December
Thursday,October
Tuesday,February
Thursday,November
Saturday,December
Tuesday,October
Monday,September
Friday,December
Tuesday,March
Saturday,June
Wednesday,March
Saturday,December
Saturday,January
Tuesday,April
Saturday,June
Saturday,April
Friday,November
Sunday,May
Friday,December
Wednesday,June
Monday,February
Sunday,September
Wednesday,December
Wednesday,October
Saturday,December
Saturday,November
Sunday,March
Tuesday,December
Wednesday,March
Saturday,February
Monday,January
Sunday,January
Saturday,January
Monday,May
Monday,October
Tuesday,September
Monday,June
Monday,October
Wednesday,January
Monday,February
Saturday,June
Thursday,October
Tuesday,December
Saturday,November
Sunday,February
Tuesday,March
Wednesday,May
Tuesday,March
Sunday,November
Monday,June
Friday,March
Friday,January
Saturday,November
Friday,September
Monday,November
Wednesday,October
Monday,October
Thursday,October
Saturday,May
Monday,May
Wednesday,September
Monday,January
Monday,October
Friday,March
Saturday,March
Thursday,February
Saturday,May
Friday,April
Friday,October
Monday,June
Thursday,November
Saturday,October
Wednesday,November
Tuesday,December
Saturday,June
Sunday,June
Monday,October
Saturday,March
Thursday,October
Wednesday,February
Tuesday,November
Monday,November
Monday,April
Friday,June
Saturday,November
Thursday,October
Tuesday,December
Tuesday,June
Wednesday,September
Wednesday,April
Monday,October
Saturday,April
Tuesday,March
Saturday,May
Friday,April
Wednesday,October
Saturday,January
Sunday,November
Friday,September
Saturday,November
Thursday,November
Wednesday,April
Wednesday,May
Friday,December
Tuesday,May
Friday,April
Friday,May
Friday,September
Monday,January
Monday,October
Monday,April
Sunday,September
Sunday,May
Monday,November
Tuesday,October
Saturday,March
Friday,June
Wednesday,December
Saturday,November
Tuesday,March
Friday,September
Wednesday,June
Saturday,May
Saturday,May
Saturday,April
Thursday,March
Sunday,April
Sunday,May
Monday,December
Sunday,September
Thursday,January
Thursday,May
Wednesday,September
Saturday,April
Monday,February
Thursday,April
Saturday,April
Monday,June
Tuesday,December
Saturday,November
Saturday,May
Tuesday,January
Thursday,March
Friday,March
Friday,December
Monday,April
Wednesday,June
Friday,October
Sunday,March
Monday,January
Saturday,April
Wednesday,October
Tuesday,June
Monday,November
Saturday,October
Friday,October
Monday,April
Saturday,April
Friday,November
Sunday,December
Wednesday,November
Thursday,October
Wednesday,September
Sunday,December
Tuesday,March
Friday,April
Wednesday,March
Thursday,October
Sunday,December
Wednesday,February
Friday,May
Tuesday,February
Thursday,April
Thursday,February
Sunday,June
Saturday,December
Friday,April
Saturday,May
Wednesday,December
Saturday,October
Wednesday,October
Wednesday,June
Saturday,May
Monday,February
Sunday,January
Tuesday,May
Wednesday,September
Wednesday,June
Wednesday,February
Thursday,October
Saturday,April
Saturday,December
Sunday,December
Sunday,May
Saturday,October
Friday,December
Sunday,April
Sunday,November
Monday,February
Wednesday,January
Monday,June
Sunday,March
Friday,June
Monday,June
Thursday,March
Sunday,January
Wednesday,March
Wednesday,October
Sunday,February
Sunday,May
Thursday,December
Sunday,January
Sunday,March
Thursday,March
Friday,October
Saturday,April
Tuesday,May
Tuesday,December
Thursday,November
Tuesday,April
Tuesday,March
Wednesday,April
Sunday,November
Sunday,October
Wednesday,March
Friday,March
Sunday,June
Sunday,December
Thursday,January
Tuesday,April
Thursday,October
Sunday,May
Sunday,January
Monday,June
Saturday,February
Thursday,December
Saturday,October
Sunday,January
Saturday,January
Saturday,October
Wednesday,March
Saturday,October
Tuesday,October
Tuesday,March
Monday,November
Wednesday,March
Tuesday,February
Tuesday,December
Friday,November
Wednesday,April
Thursday,November
Friday,June
Tuesday,March
Wednesday,June
Saturday,February
Monday,December
Saturday,September
Monday,June
Friday,November
Thursday,April
Thursday,November
Tuesday,April
Tuesday,May
Monday,June
Monday,February
Thursday,June
Friday,March
Friday,May
Friday,April
Monday,September
Monday,February
Tuesday,June
Tuesday,April
Sunday,January
Friday,November
Saturday,October
Tuesday,June
Tuesday,June
Tuesday,November
Wednesday,December
Friday,October
Thursday,May
Wednesday,November
Sunday,March
Tuesday,April
Thursday,September
Thursday,February
Wednesday,March
Tuesday,March
Friday,December
Tuesday,December
Thursday,November
Thursday,March
Sunday,March
Tuesday,September
Wednesday,January
Sunday,January
Sunday,December
Tuesday,October
Thursday,December
Monday,April
Monday,April
Thursday,December
Saturday,November
Sunday,November
Friday,January
Sunday,January
Saturday,March
Wednesday,May
Tuesday,December
Tuesday,November
Sunday,February
Monday,May
Saturday,January
Friday,September
Friday,May
Sunday,September
Thursday,November
Saturday,May
Saturday,April
Saturday,May
Thursday,March
Saturday,April
Tuesday,January
Sunday,April
Monday,May
Tuesday,April
Tuesday,May
Thursday,April
Friday,September
Tuesday,June
Saturday,October
Thursday,January
Thursday,November
Thursday,March
Wednesday,September
Thursday,April
Monday,October
Sunday,September
Tuesday,November
Wednesday,December
Wednesday,October
Tuesday,May
Tuesday,June
Friday,November
Thursday,November
Saturday,February
Thursday,April
Saturday,October
Saturday,February
Sunday,October
Wednesday,February
Saturday,March
Thursday,December
Saturday,May
Tuesday,June
Sunday,December
Friday,October
Friday,May
Tuesday,May
Tuesday,October
Monday,May
Sunday,May
Monday,April
Thursday,September
Sunday,December
Wednesday,January
Thursday,April
Thursday,January
Saturday,November
Friday,January
Saturday,April
Saturday,February
Monday,September
Sunday,May
Thursday,November
Sunday,June
Wednesday,September
Monday,April
Thursday,October
Thursday,November
Friday,November
Monday,April
Monday,November
Wednesday,March
Friday,January
Tuesday,November
Sunday,January
Saturday,April
Friday,March
Sunday,November
Sunday,March
Sunday,January
Monday,February
Wednesday,June
Wednesday,September
Monday,April
Tuesday,November
Tuesday,September
Wednesday,December
Wednesday,June
Monday,December
Wednesday,May
Thursday,March
Tuesday,May
Sunday,February
Thursday,March
Thursday,March
Friday,October
Wednesday,November
Monday,June
Thursday,April
Monday,February
Tuesday,February
Saturday,March
Friday,February
Wednesday,November
Monday,April
Wednesday,September
Saturday,April
Friday,November
Sunday,October
Tuesday,November
Tuesday,January
Wednesday,November
Sunday,May
Tuesday,December
Wednesday,September
Thursday,September
Saturday,March
Monday,March
Saturday,May
Friday,September
Friday,November
Wednesday,December
Thursday,December
Thursday,October
Thursday,June
Monday,November
Friday,October
Friday,January
Monday,May
Wednesday,May
Saturday,May
Thursday,June
Thursday,March
Sunday,January
Sunday,November
Thursday,October
Saturday,May
Thursday,October
Monday,December
Monday,February
Thursday,September
Monday,June
Tuesday,May
Monday,March
Tuesday,September
Saturday,June
Sunday,June
Tuesday,February
Monday,April
Friday,May
Sunday,November
Monday,November
Thursday,January
Friday,February
Thursday,December
Thursday,June
Tuesday,February
Tuesday,November
Tuesday,December
Tuesday,May
Monday,November
Saturday,April
Sunday,September
Wednesday,March
Friday,October
Sunday,October
Sunday,March
Saturday,February
Monday,January
Tuesday,October
Monday,February
Thursday,November
Wednesday,September
Wednesday,December
Saturday,January
Sunday,May
Friday,November
Tuesday,March
Friday,September
Friday,June
Monday,February
Friday,February
Wednesday,October
Thursday,October
Thursday,October
Sunday,December
Tuesday,December
Thursday,February
Tuesday,June
Friday,October
Friday,January
Sunday,June
Saturday,December
Sunday,October
Sunday,January
Thursday,December
Friday,January
Monday,May
Tuesday,January
Thursday,December
Friday,April
Monday,March
Sunday,January
Tuesday,September
Friday,December
Tuesday,May
Sunday,March
Friday,February
Saturday,December
Saturday,February
Friday,April
Sunday,October
Monday,September
Wednesday,November
Wednesday,October
Saturday,March
Monday,February
Thursday,October
Tuesday,December
Sunday,March
Thursday,January
Sunday,November
Wednesday,October
Friday,January
Tuesday,October
Friday,June
Friday,October
Monday,April
Thursday,February
Wednesday,March
Monday,November
Wednesday,June
Friday,November
Friday,November
Friday,December
Friday,March
Saturday,December
Saturday,February
Sunday,December
Friday,October
Saturday,June
Monday,February
Wednesday,October
Saturday,October
Friday,May
Wednesday,October
Tuesday,October
Tuesday,October
Friday,November
Saturday,May
Saturday,October
Friday,May
Wednesday,January
Thursday,December
Saturday,September
Friday,November
Sunday,September
Saturday,December
Thursday,April
Wednesday,November
Sunday,October
Friday,April
Tuesday,November
Wednesday,October
Saturday,January
Thursday,April
Sunday,November
Monday,March
Saturday,December
Wednesday,January
Friday,November
Friday,February
Monday,September
Monday,June
Friday,March
Saturday,April
Sunday,October
Saturday,March
Friday,May
Wednesday,June
Tuesday,January
Thursday,April
Monday,October
Sunday,June
Sunday,March
Thursday,December
Wednesday,March
Tuesday,June
Wednesday,October
Sunday,November
Saturday,May
Wednesday,November
Wednesday,January
Sunday,April
Friday,June
Saturday,June
Thursday,January
Tuesday,March
Friday,February
Sunday,April
Sunday,October
Thursday,June
Friday,November
Sunday,October
Wednesday,January
Tuesday,April
Sunday,October
Monday,December
Friday,March
Friday,March
Thursday,December
Friday,December
Tuesday,October
Thursday,February
Sunday,September
Tuesday,December
Tuesday,November
Wednesday,October
Thursday,November
Tuesday,December
Sunday,February
Friday,January
Monday,April
Wednesday,October
Saturday,January
Tuesday,June
Saturday,November
Friday,January
Wednesday,January
Sunday,February
Saturday,February
Friday,December
Friday,May
Sunday,December
Friday,June
Friday,April
Sunday,November
Saturday,June
Monday,March
Friday,February
Tuesday,February
Sunday,September
Wednesday,June
Thursday,February
Friday,February
Wednesday,April
Wednesday,September
Tuesday,April
Saturday,October
Wednesday,September
Saturday,January
Tuesday,December
Tuesday,April
Friday,November
Wednesday,March
Saturday,October
Sunday,May
Tuesday,December
Saturday,November
Sunday,November
Thursday,May
Wednesday,February
Saturday,October
Sunday,May
Tuesday,June
Friday,January
Friday,February
Tuesday,October
Thursday,April
Tuesday,April
Saturday,March
Sunday,October
Wednesday,December
Sunday,February
Saturday,April
Thursday,March
Sunday,February
Saturday,February
Saturday,September
Thursday,September
Saturday,April
Friday,March
Thursday,October
Wednesday,January
Wednesday,December
Tuesday,February
Wednesday,March
Monday,December
Wednesday,November
Tuesday,June
Thursday,May
Thursday,September
Wednesday,December
Thursday,October
Friday,December
Tuesday,June
Wednesday,December
Sunday,March
Wednesday,March
Friday,January
Tuesday,November
Sunday,September
Sunday,December
Monday,November
Thursday,November
Wednesday,January
Thursday,December
Thursday,April
Tuesday,November
Wednesday,February
Friday,March
Sunday,March
Saturday,December
Sunday,January
Saturday,December
Tuesday,November
Sunday,November
Saturday,November
Saturday,November
Tuesday,May
Monday,December
Saturday,January
Thursday,January
Monday,November
Sunday,October
Friday,January
Wednesday,May
Thursday,December
Friday,September
Wednesday,December
Saturday,December
Thursday,October
Wednesday,May
Wednesday,October
Saturday,February
Tuesday,April
Thursday,September
Friday,February
Wednesday,September
Friday,October
Wednesday,June
Friday,January
Saturday,November
Monday,November
Wednesday,April
Friday,January
Saturday,June
Saturday,March
Wednesday,October
Sunday,April
Wednesday,April
Wednesday,February
Friday,May
Saturday,October
Friday,September
Friday,October
Monday,December
Tuesday,April
Sunday,November
Monday,January
Thursday,March
Sunday,September
Wednesday,February
Thursday,September
Friday,September
Thursday,February
Wednesday,November
Sunday,January
Monday,April
Wednesday,September
Wednesday,February
Saturday,April
Friday,November
Wednesday,February
Tuesday,September
Saturday,December
Friday,October
Tuesday,February
Saturday,October
Sunday,November
Tuesday,February
Thursday,October
Wednesday,April
Friday,January
Wednesday,December
Thursday,September
Monday,September
Monday,May
Monday,December
Sunday,October
Friday,April
Tuesday,September
Saturday,March
Monday,February
Sunday,April
Wednesday,June
Tuesday,September
Friday,February
Tuesday,October
Tuesday,May
Wednesday,May
Friday,November
Tuesday,December
Sunday,June
Tuesday,May
Thursday,January
Tuesday,December
Friday,October
Sunday,June
Sunday,April
Friday,March
Saturday,September
Saturday,December
Thursday,June
Sunday,May
Tuesday,February
Sunday,March
Friday,May
Tuesday,January
Saturday,January
Monday,December
Sunday,June
Wednesday,September
Thursday,May
Monday,May
Tuesday,December
Sunday,March
Saturday,October
Saturday,February
Wednesday,November
Tuesday,June
Saturday,November
Tuesday,January
Monday,May
Saturday,February
Sunday,April
Monday,December
Sunday,January
Tuesday,January
Sunday,February
Saturday,May
Monday,May
Sunday,May
Tuesday,January
Wednesday,December
Sunday,April
Wednesday,January
Monday,March
Sunday,January
Tuesday,October
Thursday,January
Wednesday,October
Wednesday,May
Wednesday,December
Tuesday,October
Monday,November
Saturday,April
Wednesday,May
Monday,March
Saturday,February
Tuesday,February
Tuesday,September
Saturday,September
Saturday,May
Thursday,October
Sunday,February
Sunday,January
Sunday,November
Monday,April
Sunday,November
Saturday,March
Thursday,January
Monday,January
Thursday,October
Saturday,November
Saturday,March
Thursday,January
Tuesday,February
Thursday,January
Friday,April
Tuesday,November
Friday,February
Friday,November
Tuesday,May
Tuesday,May
Monday,February
Thursday,May
Wednesday,May
Tuesday,December
Sunday,February
Tuesday,June
Saturday,February
Wednesday,December
Tuesday,November
Friday,September
Wednesday,October
Sunday,November
Thursday,March
Wednesday,October
Tuesday,December
Monday,April
Monday,June
Monday,February
Wednesday,November
Saturday,February
Wednesday,March
Thursday,March
Sunday,November
Thursday,June
Thursday,March
Sunday,September
Tuesday,October
Monday,October
Monday,June
Thursday,March
Sunday,October
Saturday,October
Saturday,November
Thursday,May
Monday,June
Tuesday,November
Wednesday,September
Thursday,October
Sunday,March
Friday,January
Saturday,May
Saturday,December
Thursday,November
Tuesday,December
Tuesday,April
Friday,September
Thursday,May
Sunday,October
Monday,October
Thursday,October
Thursday,April
Monday,April
Wednesday,December
Thursday,October
Thursday,December
Saturday,May
Thursday,October
Tuesday,November
Friday,November
Wednesday,March
Monday,March
Thursday,February
Monday,September
Friday,November
Monday,December
Wednesday,October
Sunday,April
Monday,September
Saturday,February
Monday,November
Friday,November
Thursday,November
Thursday,March
Tuesday,May
Saturday,November
Wednesday,December
Friday,November
Tuesday,June
Thursday,April
Friday,April
Wednesday,March
Thursday,November
Tuesday,November
Thursday,January
Monday,May
Thursday,December
Sunday,January
Thursday,October
Sunday,March
Wednesday,June
Sunday,January
Monday,September
Sunday,March
Wednesday,January
Sunday,December
Saturday,March
Friday,October
Tuesday,April
Wednesday,April
Sunday,November
Friday,January
Thursday,December
Wednesday,March
Friday,February
Tuesday,September
Saturday,November
Monday,June
Monday,April
Tuesday,October
Tuesday,December
Wednesday,February
Sunday,May
Sunday,April
Monday,October
Wednesday,January
Thursday,October
Sunday,January
Thursday,December
Monday,April
Wednesday,December
Friday,October
Tuesday,March
Wednesday,March
Thursday,April
Sunday,November
Monday,November
Tuesday,September
Sunday,April
Monday,May
Tuesday,April
Monday,December
Tuesday,October
Sunday,June
Sunday,December
Friday,May
Thursday,February
Tuesday,December
Tuesday,May
Wednesday,May
Saturday,February
Tuesday,March
Saturday,January
Saturday,December
Thursday,December
Sunday,November
Friday,April
Wednesday,January
Wednesday,November
Tuesday,April
Sunday,October
Tuesday,March
Saturday,October
Saturday,November
Friday,January
Wednesday,January
Friday,December
Wednesday,October
Tuesday,February
Friday,April
Saturday,April
Wednesday,June
Sunday,November
Saturday,October
Monday,March
Thursday,March
Saturday,December
Thursday,October
Tuesday,May
Friday,October
Thursday,October
Friday,April
Thursday,October
Sunday,October
Wednesday,February
Monday,June
Thursday,September
Friday,October
Tuesday,September
Monday,April
Sunday,October
Sunday,May
Sunday,January
Thursday,February
Sunday,February
Wednesday,January
Tuesday,December
Friday,January
Sunday,October
Tuesday,February
Sunday,November
Wednesday,October
Tuesday,December
Wednesday,September
Friday,May
Sunday,April
Friday,September
Friday,June
Monday,June
Saturday,May
Monday,June
Sunday,February
Tuesday,October
Monday,November
Saturday,October
Tuesday,September
Saturday,October
Saturday,March
Wednesday,February
Friday,December
Tuesday,November
Thursday,October
Monday,February
Sunday,May
Friday,March
Monday,October
Monday,June
Saturday,May
Tuesday,February
Thursday,January
Sunday,June
Sunday,September
Friday,November
Sunday,January
Wednesday,April
Sunday,December
Saturday,January
Saturday,June
Saturday,February
Tuesday,February
Saturday,December
Wednesday,September
Tuesday,June
Saturday,March
Thursday,October
Friday,October
Wednesday,May
Friday,September
Wednesday,June
Wednesday,March
Thursday,April
Wednesday,November
Tuesday,March
Saturday,November
Wednesday,April
Tuesday,November
Friday,May
Thursday,April
Sunday,September
Friday,December
Tuesday,September
Sunday,February
Saturday,December
Tuesday,October
Wednesday,December
Friday,February
Tuesday,April
Friday,June
Friday,May
Wednesday,September
Tuesday,October
Monday,September
Friday,October
Tuesday,June
Saturday,October
Thursday,April
Sunday,January
Friday,December
Tuesday,December
Sunday,January
Sunday,January
Sunday,April
Monday,September
Monday,November
Monday,October
Saturday,May
Friday,September
Sunday,January
Thursday,June
Tuesday,April
Thursday,September
Thursday,January
Sunday,September
Wednesday,October
Sunday,February
Monday,February
Wednesday,October
Saturday,January
Friday,October
Saturday,May
Sunday,March
Tuesday,September
Tuesday,October
Saturday,February
Friday,February
Thursday,December
Saturday,November
Sunday,May
Saturday,March
Wednesday,December
Saturday,May
Friday,October
Wednesday,April
Friday,February
Sunday,November
Saturday,December
Wednesday,December
Saturday,May
Thursday,December
Thursday,January
Saturday,February
Thursday,October
Thursday,May
Thursday,January
Sunday,June
Sunday,November
Thursday,October
Friday,October
Friday,April
Thursday,January
Wednesday,December
Sunday,January
Monday,November
Thursday,December
Thursday,September
Tuesday,January
Tuesday,December
Saturday,October
Thursday,May
Friday,June
Saturday,September
Sunday,April
Tuesday,December
Tuesday,June
Tuesday,February
Sunday,September
Friday,May
Tuesday,May
Sunday,November
Sunday,May
Wednesday,December
Friday,June
Wednesday,September
Tuesday,December
Wednesday,October
Sunday,September
Saturday,May
Friday,May
Sunday,September
Sunday,November
Tuesday,June
Tuesday,November
Sunday,October
Friday,September
Tuesday,May
Monday,December
Tuesday,May
Thursday,October
Saturday,March
Tuesday,June
Wednesday,April
Sunday,October
Friday,March
Sunday,October
Wednesday,March
Wednesday,April
Thursday,June
Friday,December
Friday,February
Tuesday,November
Saturday,October
Wednesday,March
Monday,November
Friday,June
Tuesday,March
Friday,November
Sunday,October
Wednesday,March
Wednesday,December
Monday,September
Wednesday,September
Sunday,September
Friday,April
Friday,January
Saturday,October
Monday,May
Friday,November
Sunday,April
Sunday,April
Thursday,November
Tuesday,May
Wednesday,May
Sunday,January
Friday,October
Sunday,March
Wednesday,November
Thursday,December
Tuesday,April
Saturday,November
Friday,October
Saturday,May
Monday,February
Sunday,October
Thursday,March
Friday,October
Tuesday,December
Monday,June
Monday,December
Friday,October
Monday,January
Wednesday,April
Saturday,March
Monday,February
Tuesday,October
Thursday,October
Tuesday,December
Wednesday,April
Saturday,April
Tuesday,January
Monday,October
Saturday,October
Wednesday,June
Wednesday,October
Friday,October
Friday,September
Monday,February
Sunday,November
Saturday,October
Thursday,May
Thursday,January
Saturday,November
Tuesday,March
Wednesday,May
Saturday,January
Saturday,April
Monday,December
Monday,March
